Codigo;Provincias;Periodo;Total
00;Total;2021;143515
00;Total;2020;87481
00;Total;2019;161389
00;Total;2018;162743
00;Total;2017;168989
00;Total;2016;171023
00;Total;2015;165172
00;Total;2014;159279
00;Total;2013;153375
00;Total;2012;165101
00;Total;2011;159798
00;Total;2010;167247
00;Total;2009;174062
00;Total;2008;194022
00;Total;2007;201579
00;Total;2006;203453
00;Total;2005;208146
00;Total;2004;216149
00;Total;2003;212300
00;Total;2002;211522
00;Total;2001;208057
00;Total;2000;216451
00;Total;1999;208129
00;Total;1998;207041
00;Total;1997;196499
00;Total;1996;194084
00;Total;1995;200688
00;Total;1994;199731
00;Total;1993;201463
00;Total;1992;217512
00;Total;1991;218121
00;Total;1990;220533
00;Total;1989;221470
00;Total;1988;219027
00;Total;1987;215771
00;Total;1986;207929
00;Total;1985;199658
00;Total;1984;197542
00;Total;1983;196155
00;Total;1982;193319
00;Total;1981;202037
00;Total;1980;220674
00;Total;1979;246349
00;Total;1978;258070
00;Total;1977;262015
00;Total;1976;260974
00;Total;1975;271347
02;Albacete;2021;1073
02;Albacete;2020;552
02;Albacete;2019;1203
02;Albacete;2018;1267
02;Albacete;2017;1367
02;Albacete;2016;1417
02;Albacete;2015;1344
02;Albacete;2014;1300
02;Albacete;2013;1191
02;Albacete;2012;1345
02;Albacete;2011;1309
02;Albacete;2010;1346
02;Albacete;2009;1399
02;Albacete;2008;1483
02;Albacete;2007;1628
02;Albacete;2006;1661
02;Albacete;2005;1720
02;Albacete;2004;1759
02;Albacete;2003;1783
02;Albacete;2002;1738
02;Albacete;2001;1769
02;Albacete;2000;1864
02;Albacete;1999;1872
02;Albacete;1998;1802
02;Albacete;1997;1784
02;Albacete;1996;1706
02;Albacete;1995;1844
02;Albacete;1994;1949
02;Albacete;1993;1963
02;Albacete;1992;1963
02;Albacete;1991;1915
02;Albacete;1990;1876
02;Albacete;1989;2190
02;Albacete;1988;2128
02;Albacete;1987;2089
02;Albacete;1986;2122
02;Albacete;1985;2066
02;Albacete;1984;2088
02;Albacete;1983;2194
02;Albacete;1982;1894
02;Albacete;1981;1946
02;Albacete;1980;2090
02;Albacete;1979;1998
02;Albacete;1978;1991
02;Albacete;1977;1935
02;Albacete;1976;1906
02;Albacete;1975;1943
03;Alicante/Alacant;2021;5721
03;Alicante/Alacant;2020;3828
03;Alicante/Alacant;2019;6013
03;Alicante/Alacant;2018;6273
03;Alicante/Alacant;2017;6590
03;Alicante/Alacant;2016;6576
03;Alicante/Alacant;2015;5977
03;Alicante/Alacant;2014;5754
03;Alicante/Alacant;2013;5318
03;Alicante/Alacant;2012;5538
03;Alicante/Alacant;2011;5344
03;Alicante/Alacant;2010;5466
03;Alicante/Alacant;2009;5877
03;Alicante/Alacant;2008;6921
03;Alicante/Alacant;2007;7350
03;Alicante/Alacant;2006;7606
03;Alicante/Alacant;2005;7935
03;Alicante/Alacant;2004;8537
03;Alicante/Alacant;2003;8113
03;Alicante/Alacant;2002;8027
03;Alicante/Alacant;2001;7798
03;Alicante/Alacant;2000;7998
03;Alicante/Alacant;1999;7526
03;Alicante/Alacant;1998;7493
03;Alicante/Alacant;1997;7247
03;Alicante/Alacant;1996;6819
03;Alicante/Alacant;1995;7357
03;Alicante/Alacant;1994;6891
03;Alicante/Alacant;1993;6768
03;Alicante/Alacant;1992;7497
03;Alicante/Alacant;1991;7239
03;Alicante/Alacant;1990;7728
03;Alicante/Alacant;1989;6681
03;Alicante/Alacant;1988;6723
03;Alicante/Alacant;1987;6317
03;Alicante/Alacant;1986;5775
03;Alicante/Alacant;1985;4759
03;Alicante/Alacant;1984;4186
03;Alicante/Alacant;1983;4200
03;Alicante/Alacant;1982;3866
03;Alicante/Alacant;1981;7160
03;Alicante/Alacant;1980;7495
03;Alicante/Alacant;1979;8234
03;Alicante/Alacant;1978;8356
03;Alicante/Alacant;1977;8272
03;Alicante/Alacant;1976;7947
03;Alicante/Alacant;1975;8464
04;Almería;2021;1844
04;Almería;2020;1143
04;Almería;2019;2091
04;Almería;2018;2139
04;Almería;2017;2136
04;Almería;2016;2216
04;Almería;2015;2082
04;Almería;2014;1977
04;Almería;2013;1954
04;Almería;2012;2293
04;Almería;2011;2048
04;Almería;2010;2128
04;Almería;2009;2379
04;Almería;2008;2759
04;Almería;2007;2836
04;Almería;2006;3015
04;Almería;2005;2973
04;Almería;2004;3006
04;Almería;2003;2925
04;Almería;2002;2842
04;Almería;2001;2758
04;Almería;2000;2814
04;Almería;1999;2744
04;Almería;1998;2683
04;Almería;1997;2585
04;Almería;1996;2583
04;Almería;1995;2614
04;Almería;1994;2647
04;Almería;1993;2518
04;Almería;1992;2662
04;Almería;1991;2727
04;Almería;1990;2817
04;Almería;1989;2875
04;Almería;1988;2912
04;Almería;1987;2989
04;Almería;1986;2780
04;Almería;1985;2636
04;Almería;1984;2595
04;Almería;1983;2776
04;Almería;1982;2555
04;Almería;1981;2617
04;Almería;1980;2742
04;Almería;1979;2939
04;Almería;1978;2961
04;Almería;1977;2824
04;Almería;1976;2855
04;Almería;1975;2835
01;Álava/Araba;2021;900
01;Álava/Araba;2020;516
01;Álava/Araba;2019;1004
01;Álava/Araba;2018;1092
01;Álava/Araba;2017;1067
01;Álava/Araba;2016;1111
01;Álava/Araba;2015;1187
01;Álava/Araba;2014;1191
01;Álava/Araba;2013;1080
01;Álava/Araba;2012;1186
01;Álava/Araba;2011;1140
01;Álava/Araba;2010;1258
01;Álava/Araba;2009;1205
01;Álava/Araba;2008;1240
01;Álava/Araba;2007;1216
01;Álava/Araba;2006;1263
01;Álava/Araba;2005;1277
01;Álava/Araba;2004;1377
01;Álava/Araba;2003;1449
01;Álava/Araba;2002;1405
01;Álava/Araba;2001;1289
01;Álava/Araba;2000;1470
01;Álava/Araba;1999;1351
01;Álava/Araba;1998;1413
01;Álava/Araba;1997;1383
01;Álava/Araba;1996;1330
01;Álava/Araba;1995;1365
01;Álava/Araba;1994;1363
01;Álava/Araba;1993;1311
01;Álava/Araba;1992;1342
01;Álava/Araba;1991;1312
01;Álava/Araba;1990;1335
01;Álava/Araba;1989;1347
01;Álava/Araba;1988;1374
01;Álava/Araba;1987;1326
01;Álava/Araba;1986;1327
01;Álava/Araba;1985;1305
01;Álava/Araba;1984;1406
01;Álava/Araba;1983;1388
01;Álava/Araba;1982;1544
01;Álava/Araba;1981;1557
01;Álava/Araba;1980;1762
01;Álava/Araba;1979;1908
01;Álava/Araba;1978;2076
01;Álava/Araba;1977;2112
01;Álava/Araba;1976;1745
01;Álava/Araba;1975;2061
33;Asturias;2021;2875
33;Asturias;2020;1807
33;Asturias;2019;3255
33;Asturias;2018;3425
33;Asturias;2017;3569
33;Asturias;2016;3679
33;Asturias;2015;3483
33;Asturias;2014;3498
33;Asturias;2013;3327
33;Asturias;2012;3968
33;Asturias;2011;3884
33;Asturias;2010;4233
33;Asturias;2009;4485
33;Asturias;2008;4775
33;Asturias;2007;4857
33;Asturias;2006;4810
33;Asturias;2005;4905
33;Asturias;2004;4958
33;Asturias;2003;4999
33;Asturias;2002;4895
33;Asturias;2001;4771
33;Asturias;2000;4934
33;Asturias;1999;4735
33;Asturias;1998;4628
33;Asturias;1997;4548
33;Asturias;1996;4401
33;Asturias;1995;4512
33;Asturias;1994;4643
33;Asturias;1993;4747
33;Asturias;1992;5347
33;Asturias;1991;5433
33;Asturias;1990;5454
33;Asturias;1989;5426
33;Asturias;1988;5541
33;Asturias;1987;5693
33;Asturias;1986;5803
33;Asturias;1985;5910
33;Asturias;1984;6067
33;Asturias;1983;5905
33;Asturias;1982;6125
33;Asturias;1981;5890
33;Asturias;1980;6796
33;Asturias;1979;7344
33;Asturias;1978;7705
33;Asturias;1977;7939
33;Asturias;1976;7877
33;Asturias;1975;8262
05;Ávila;2021;379
05;Ávila;2020;234
05;Ávila;2019;437
05;Ávila;2018;436
05;Ávila;2017;435
05;Ávila;2016;460
05;Ávila;2015;434
05;Ávila;2014;425
05;Ávila;2013;433
05;Ávila;2012;465
05;Ávila;2011;466
05;Ávila;2010;500
05;Ávila;2009;531
05;Ávila;2008;596
05;Ávila;2007;579
05;Ávila;2006;594
05;Ávila;2005;588
05;Ávila;2004;603
05;Ávila;2003;621
05;Ávila;2002;629
05;Ávila;2001;604
05;Ávila;2000;635
05;Ávila;1999;608
05;Ávila;1998;633
05;Ávila;1997;611
05;Ávila;1996;599
05;Ávila;1995;700
05;Ávila;1994;736
05;Ávila;1993;681
05;Ávila;1992;797
05;Ávila;1991;766
05;Ávila;1990;774
05;Ávila;1989;802
05;Ávila;1988;826
05;Ávila;1987;817
05;Ávila;1986;822
05;Ávila;1985;689
05;Ávila;1984;847
05;Ávila;1983;768
05;Ávila;1982;769
05;Ávila;1981;761
05;Ávila;1980;879
05;Ávila;1979;892
05;Ávila;1978;806
05;Ávila;1977;801
05;Ávila;1976;871
05;Ávila;1975;934
06;Badajoz;2021;1852
06;Badajoz;2020;996
06;Badajoz;2019;2166
06;Badajoz;2018;2156
06;Badajoz;2017;2304
06;Badajoz;2016;2311
06;Badajoz;2015;2271
06;Badajoz;2014;2160
06;Badajoz;2013;2044
06;Badajoz;2012;2452
06;Badajoz;2011;2368
06;Badajoz;2010;2682
06;Badajoz;2009;2832
06;Badajoz;2008;2917
06;Badajoz;2007;2892
06;Badajoz;2006;3083
06;Badajoz;2005;3050
06;Badajoz;2004;3158
06;Badajoz;2003;3193
06;Badajoz;2002;3148
06;Badajoz;2001;3304
06;Badajoz;2000;3442
06;Badajoz;1999;3206
06;Badajoz;1998;3194
06;Badajoz;1997;3128
06;Badajoz;1996;2966
06;Badajoz;1995;3278
06;Badajoz;1994;3161
06;Badajoz;1993;3373
06;Badajoz;1992;3712
06;Badajoz;1991;3775
06;Badajoz;1990;3779
06;Badajoz;1989;3900
06;Badajoz;1988;3871
06;Badajoz;1987;3929
06;Badajoz;1986;4099
06;Badajoz;1985;3815
06;Badajoz;1984;3788
06;Badajoz;1983;3849
06;Badajoz;1982;3840
06;Badajoz;1981;3874
06;Badajoz;1980;3943
06;Badajoz;1979;4044
06;Badajoz;1978;4079
06;Badajoz;1977;3830
06;Badajoz;1976;3885
06;Badajoz;1975;3687
07;Balears, Illes;2021;4166
07;Balears, Illes;2020;2847
07;Balears, Illes;2019;4880
07;Balears, Illes;2018;4615
07;Balears, Illes;2017;4570
07;Balears, Illes;2016;4593
07;Balears, Illes;2015;4496
07;Balears, Illes;2014;4104
07;Balears, Illes;2013;3942
07;Balears, Illes;2012;3925
07;Balears, Illes;2011;3950
07;Balears, Illes;2010;3947
07;Balears, Illes;2009;4151
07;Balears, Illes;2008;4138
07;Balears, Illes;2007;4345
07;Balears, Illes;2006;4260
07;Balears, Illes;2005;4267
07;Balears, Illes;2004;4555
07;Balears, Illes;2003;4651
07;Balears, Illes;2002;4581
07;Balears, Illes;2001;4326
07;Balears, Illes;2000;4499
07;Balears, Illes;1999;4503
07;Balears, Illes;1998;4402
07;Balears, Illes;1997;4116
07;Balears, Illes;1996;4143
07;Balears, Illes;1995;4100
07;Balears, Illes;1994;4215
07;Balears, Illes;1993;4090
07;Balears, Illes;1992;4336
07;Balears, Illes;1991;4413
07;Balears, Illes;1990;4606
07;Balears, Illes;1989;4740
07;Balears, Illes;1988;4557
07;Balears, Illes;1987;4304
07;Balears, Illes;1986;4164
07;Balears, Illes;1985;4014
07;Balears, Illes;1984;4082
07;Balears, Illes;1983;4028
07;Balears, Illes;1982;3748
07;Balears, Illes;1981;3484
07;Balears, Illes;1980;3882
07;Balears, Illes;1979;4366
07;Balears, Illes;1978;4329
07;Balears, Illes;1977;4499
07;Balears, Illes;1976;4718
07;Balears, Illes;1975;4959
08;Barcelona;2021;16506
08;Barcelona;2020;10954
08;Barcelona;2019;19122
08;Barcelona;2018;20014
08;Barcelona;2017;21223
08;Barcelona;2016;21230
08;Barcelona;2015;19812
08;Barcelona;2014;19181
08;Barcelona;2013;18795
08;Barcelona;2012;19757
08;Barcelona;2011;19066
08;Barcelona;2010;20162
08;Barcelona;2009;20303
08;Barcelona;2008;22430
08;Barcelona;2007;22382
08;Barcelona;2006;22831
08;Barcelona;2005;24133
08;Barcelona;2004;25101
08;Barcelona;2003;24352
08;Barcelona;2002;24931
08;Barcelona;2001;24759
08;Barcelona;2000;25982
08;Barcelona;1999;24978
08;Barcelona;1998;25743
08;Barcelona;1997;24194
08;Barcelona;1996;24334
08;Barcelona;1995;24903
08;Barcelona;1994;24420
08;Barcelona;1993;24710
08;Barcelona;1992;26050
08;Barcelona;1991;26766
08;Barcelona;1990;26054
08;Barcelona;1989;26130
08;Barcelona;1988;25484
08;Barcelona;1987;24552
08;Barcelona;1986;23547
08;Barcelona;1985;23470
08;Barcelona;1984;21588
08;Barcelona;1983;19355
08;Barcelona;1982;20317
08;Barcelona;1981;20196
08;Barcelona;1980;22533
08;Barcelona;1979;27219
08;Barcelona;1978;30602
08;Barcelona;1977;33446
08;Barcelona;1976;35229
08;Barcelona;1975;36251
48;Bizkaia;2021;2840
48;Bizkaia;2020;1881
48;Bizkaia;2019;3529
48;Bizkaia;2018;3561
48;Bizkaia;2017;3790
48;Bizkaia;2016;3777
48;Bizkaia;2015;3608
48;Bizkaia;2014;3599
48;Bizkaia;2013;3632
48;Bizkaia;2012;4094
48;Bizkaia;2011;4204
48;Bizkaia;2010;4297
48;Bizkaia;2009;4307
48;Bizkaia;2008;4731
48;Bizkaia;2007;4753
48;Bizkaia;2006;4740
48;Bizkaia;2005;4979
48;Bizkaia;2004;5155
48;Bizkaia;2003;5163
48;Bizkaia;2002;5152
48;Bizkaia;2001;5206
48;Bizkaia;2000;5576
48;Bizkaia;1999;5220
48;Bizkaia;1998;5357
48;Bizkaia;1997;5033
48;Bizkaia;1996;4909
48;Bizkaia;1995;4975
48;Bizkaia;1994;5042
48;Bizkaia;1993;5176
48;Bizkaia;1992;5639
48;Bizkaia;1991;5441
48;Bizkaia;1990;5368
48;Bizkaia;1989;5393
48;Bizkaia;1988;5367
48;Bizkaia;1987;5494
48;Bizkaia;1986;5647
48;Bizkaia;1985;5365
48;Bizkaia;1984;5788
48;Bizkaia;1983;5932
48;Bizkaia;1982;6535
48;Bizkaia;1981;6358
48;Bizkaia;1980;7295
48;Bizkaia;1979;7825
48;Bizkaia;1978;8613
48;Bizkaia;1977;9128
48;Bizkaia;1976;8914
48;Bizkaia;1975;9659
09;Burgos;2021;950
09;Burgos;2020;514
09;Burgos;2019;1051
09;Burgos;2018;1050
09;Burgos;2017;1129
09;Burgos;2016;1082
09;Burgos;2015;1098
09;Burgos;2014;1043
09;Burgos;2013;1047
09;Burgos;2012;1192
09;Burgos;2011;1137
09;Burgos;2010;1287
09;Burgos;2009;1245
09;Burgos;2008;1365
09;Burgos;2007;1447
09;Burgos;2006;1407
09;Burgos;2005;1430
09;Burgos;2004;1596
09;Burgos;2003;1635
09;Burgos;2002;1540
09;Burgos;2001;1388
09;Burgos;2000;1556
09;Burgos;1999;1402
09;Burgos;1998;1497
09;Burgos;1997;1427
09;Burgos;1996;1443
09;Burgos;1995;1535
09;Burgos;1994;1538
09;Burgos;1993;1433
09;Burgos;1992;1669
09;Burgos;1991;1594
09;Burgos;1990;1533
09;Burgos;1989;1652
09;Burgos;1988;1663
09;Burgos;1987;1677
09;Burgos;1986;1711
09;Burgos;1985;1682
09;Burgos;1984;1632
09;Burgos;1983;1737
09;Burgos;1982;1597
09;Burgos;1981;1682
09;Burgos;1980;1805
09;Burgos;1979;1902
09;Burgos;1978;2122
09;Burgos;1977;2078
09;Burgos;1976;2007
09;Burgos;1975;2463
10;Cáceres;2021;951
10;Cáceres;2020;552
10;Cáceres;2019;1112
10;Cáceres;2018;1110
10;Cáceres;2017;1159
10;Cáceres;2016;1274
10;Cáceres;2015;1172
10;Cáceres;2014;1138
10;Cáceres;2013;1066
10;Cáceres;2012;1192
10;Cáceres;2011;1143
10;Cáceres;2010;1167
10;Cáceres;2009;1346
10;Cáceres;2008;1481
10;Cáceres;2007;1527
10;Cáceres;2006;1588
10;Cáceres;2005;1537
10;Cáceres;2004;1678
10;Cáceres;2003;1677
10;Cáceres;2002;1631
10;Cáceres;2001;1673
10;Cáceres;2000;1926
10;Cáceres;1999;1854
10;Cáceres;1998;1818
10;Cáceres;1997;1827
10;Cáceres;1996;1795
10;Cáceres;1995;1749
10;Cáceres;1994;1920
10;Cáceres;1993;1945
10;Cáceres;1992;2165
10;Cáceres;1991;2125
10;Cáceres;1990;2246
10;Cáceres;1989;2270
10;Cáceres;1988;2313
10;Cáceres;1987;2499
10;Cáceres;1986;2476
10;Cáceres;1985;2318
10;Cáceres;1984;2467
10;Cáceres;1983;2411
10;Cáceres;1982;2356
10;Cáceres;1981;2459
10;Cáceres;1980;2511
10;Cáceres;1979;2649
10;Cáceres;1978;2519
10;Cáceres;1977;2542
10;Cáceres;1976;2345
10;Cáceres;1975;2252
11;Cádiz;2021;4221
11;Cádiz;2020;2408
11;Cádiz;2019;4900
11;Cádiz;2018;4446
11;Cádiz;2017;4708
11;Cádiz;2016;4703
11;Cádiz;2015;4573
11;Cádiz;2014;4251
11;Cádiz;2013;3911
11;Cádiz;2012;4383
11;Cádiz;2011;4054
11;Cádiz;2010;4263
11;Cádiz;2009;4635
11;Cádiz;2008;5587
11;Cádiz;2007;5892
11;Cádiz;2006;6253
11;Cádiz;2005;6728
11;Cádiz;2004;6779
11;Cádiz;2003;6604
11;Cádiz;2002;6521
11;Cádiz;2001;6360
11;Cádiz;2000;6519
11;Cádiz;1999;6105
11;Cádiz;1998;5819
11;Cádiz;1997;5596
11;Cádiz;1996;5587
11;Cádiz;1995;5835
11;Cádiz;1994;5827
11;Cádiz;1993;5582
11;Cádiz;1992;6332
11;Cádiz;1991;6614
11;Cádiz;1990;6848
11;Cádiz;1989;6614
11;Cádiz;1988;6443
11;Cádiz;1987;6659
11;Cádiz;1986;6561
11;Cádiz;1985;6139
11;Cádiz;1984;6316
11;Cádiz;1983;6550
11;Cádiz;1982;6207
11;Cádiz;1981;6655
11;Cádiz;1980;6992
11;Cádiz;1979;7176
11;Cádiz;1978;7581
11;Cádiz;1977;7474
11;Cádiz;1976;7359
11;Cádiz;1975;7202
39;Cantabria;2021;1836
39;Cantabria;2020;1111
39;Cantabria;2019;1951
39;Cantabria;2018;2067
39;Cantabria;2017;2079
39;Cantabria;2016;2228
39;Cantabria;2015;2124
39;Cantabria;2014;2069
39;Cantabria;2013;1936
39;Cantabria;2012;2326
39;Cantabria;2011;2184
39;Cantabria;2010;2500
39;Cantabria;2009;2581
39;Cantabria;2008;2936
39;Cantabria;2007;2948
39;Cantabria;2006;2822
39;Cantabria;2005;2876
39;Cantabria;2004;2902
39;Cantabria;2003;2864
39;Cantabria;2002;2897
39;Cantabria;2001;2742
39;Cantabria;2000;2728
39;Cantabria;1999;2611
39;Cantabria;1998;2521
39;Cantabria;1997;2353
39;Cantabria;1996;2369
39;Cantabria;1995;2266
39;Cantabria;1994;2302
39;Cantabria;1993;2310
39;Cantabria;1992;2572
39;Cantabria;1991;2530
39;Cantabria;1990;2694
39;Cantabria;1989;2692
39;Cantabria;1988;2665
39;Cantabria;1987;2496
39;Cantabria;1986;2570
39;Cantabria;1985;2605
39;Cantabria;1984;2796
39;Cantabria;1983;2807
39;Cantabria;1982;2931
39;Cantabria;1981;2950
39;Cantabria;1980;3255
39;Cantabria;1979;3472
39;Cantabria;1978;3703
39;Cantabria;1977;3924
39;Cantabria;1976;3733
39;Cantabria;1975;3767
12;Castellón/Castelló;2021;1843
12;Castellón/Castelló;2020;1123
12;Castellón/Castelló;2019;2029
12;Castellón/Castelló;2018;1892
12;Castellón/Castelló;2017;2022
12;Castellón/Castelló;2016;2007
12;Castellón/Castelló;2015;1992
12;Castellón/Castelló;2014;1922
12;Castellón/Castelló;2013;1763
12;Castellón/Castelló;2012;1880
12;Castellón/Castelló;2011;1805
12;Castellón/Castelló;2010;2037
12;Castellón/Castelló;2009;2135
12;Castellón/Castelló;2008;2484
12;Castellón/Castelló;2007;2695
12;Castellón/Castelló;2006;2638
12;Castellón/Castelló;2005;2708
12;Castellón/Castelló;2004;2814
12;Castellón/Castelló;2003;2863
12;Castellón/Castelló;2002;2784
12;Castellón/Castelló;2001;2672
12;Castellón/Castelló;2000;2865
12;Castellón/Castelló;1999;2614
12;Castellón/Castelló;1998;2640
12;Castellón/Castelló;1997;2359
12;Castellón/Castelló;1996;2514
12;Castellón/Castelló;1995;2492
12;Castellón/Castelló;1994;2482
12;Castellón/Castelló;1993;2347
12;Castellón/Castelló;1992;2613
12;Castellón/Castelló;1991;2531
12;Castellón/Castelló;1990;2481
12;Castellón/Castelló;1989;2622
12;Castellón/Castelló;1988;2533
12;Castellón/Castelló;1987;2512
12;Castellón/Castelló;1986;2417
12;Castellón/Castelló;1985;2288
12;Castellón/Castelló;1984;2466
12;Castellón/Castelló;1983;2407
12;Castellón/Castelló;1982;2484
12;Castellón/Castelló;1981;2421
12;Castellón/Castelló;1980;2248
12;Castellón/Castelló;1979;2836
12;Castellón/Castelló;1978;2990
12;Castellón/Castelló;1977;2909
12;Castellón/Castelló;1976;2841
12;Castellón/Castelló;1975;3105
13;Ciudad Real;2021;1478
13;Ciudad Real;2020;654
13;Ciudad Real;2019;1643
13;Ciudad Real;2018;1698
13;Ciudad Real;2017;1659
13;Ciudad Real;2016;1722
13;Ciudad Real;2015;1651
13;Ciudad Real;2014;1557
13;Ciudad Real;2013;1527
13;Ciudad Real;2012;1731
13;Ciudad Real;2011;1633
13;Ciudad Real;2010;1748
13;Ciudad Real;2009;1918
13;Ciudad Real;2008;2228
13;Ciudad Real;2007;2321
13;Ciudad Real;2006;2257
13;Ciudad Real;2005;2330
13;Ciudad Real;2004;2309
13;Ciudad Real;2003;2218
13;Ciudad Real;2002;2192
13;Ciudad Real;2001;2290
13;Ciudad Real;2000;2391
13;Ciudad Real;1999;2262
13;Ciudad Real;1998;2281
13;Ciudad Real;1997;2189
13;Ciudad Real;1996;2294
13;Ciudad Real;1995;2329
13;Ciudad Real;1994;2415
13;Ciudad Real;1993;2650
13;Ciudad Real;1992;2865
13;Ciudad Real;1991;2812
13;Ciudad Real;1990;3014
13;Ciudad Real;1989;3114
13;Ciudad Real;1988;3079
13;Ciudad Real;1987;2946
13;Ciudad Real;1986;2926
13;Ciudad Real;1985;2783
13;Ciudad Real;1984;2789
13;Ciudad Real;1983;2920
13;Ciudad Real;1982;2729
13;Ciudad Real;1981;2925
13;Ciudad Real;1980;2843
13;Ciudad Real;1979;2879
13;Ciudad Real;1978;2784
13;Ciudad Real;1977;2824
13;Ciudad Real;1976;2670
13;Ciudad Real;1975;2694
14;Córdoba;2021;2246
14;Córdoba;2020;1193
14;Córdoba;2019;2750
14;Córdoba;2018;2769
14;Córdoba;2017;2841
14;Córdoba;2016;2952
14;Córdoba;2015;2701
14;Córdoba;2014;2550
14;Córdoba;2013;2336
14;Córdoba;2012;2708
14;Córdoba;2011;2760
14;Córdoba;2010;2911
14;Córdoba;2009;3290
14;Córdoba;2008;3893
14;Córdoba;2007;3971
14;Córdoba;2006;4042
14;Córdoba;2005;3979
14;Córdoba;2004;4057
14;Córdoba;2003;4160
14;Córdoba;2002;4082
14;Córdoba;2001;4226
14;Córdoba;2000;4362
14;Córdoba;1999;4203
14;Córdoba;1998;4134
14;Córdoba;1997;3836
14;Córdoba;1996;3867
14;Córdoba;1995;4133
14;Córdoba;1994;4219
14;Córdoba;1993;4165
14;Córdoba;1992;4722
14;Córdoba;1991;4778
14;Córdoba;1990;5044
14;Córdoba;1989;5093
14;Córdoba;1988;5041
14;Córdoba;1987;4984
14;Córdoba;1986;4875
14;Córdoba;1985;4563
14;Córdoba;1984;4597
14;Córdoba;1983;4741
14;Córdoba;1982;4560
14;Córdoba;1981;4281
14;Córdoba;1980;4667
14;Córdoba;1979;4781
14;Córdoba;1978;4852
14;Córdoba;1977;4563
14;Córdoba;1976;4769
14;Córdoba;1975;4731
15;Coruña, A;2021;3577
15;Coruña, A;2020;2400
15;Coruña, A;2019;4034
15;Coruña, A;2018;3879
15;Coruña, A;2017;4055
15;Coruña, A;2016;4120
15;Coruña, A;2015;4120
15;Coruña, A;2014;3963
15;Coruña, A;2013;3789
15;Coruña, A;2012;4292
15;Coruña, A;2011;4077
15;Coruña, A;2010;4290
15;Coruña, A;2009;4397
15;Coruña, A;2008;4741
15;Coruña, A;2007;4749
15;Coruña, A;2006;4776
15;Coruña, A;2005;4683
15;Coruña, A;2004;4899
15;Coruña, A;2003;4745
15;Coruña, A;2002;4874
15;Coruña, A;2001;4651
15;Coruña, A;2000;5039
15;Coruña, A;1999;4973
15;Coruña, A;1998;4823
15;Coruña, A;1997;4888
15;Coruña, A;1996;4851
15;Coruña, A;1995;4874
15;Coruña, A;1994;4851
15;Coruña, A;1993;5086
15;Coruña, A;1992;5506
15;Coruña, A;1991;5403
15;Coruña, A;1990;5683
15;Coruña, A;1989;5721
15;Coruña, A;1988;5805
15;Coruña, A;1987;5811
15;Coruña, A;1986;5544
15;Coruña, A;1985;5624
15;Coruña, A;1984;6046
15;Coruña, A;1983;5972
15;Coruña, A;1982;6133
15;Coruña, A;1981;4919
15;Coruña, A;1980;5374
15;Coruña, A;1979;7603
15;Coruña, A;1978;7808
15;Coruña, A;1977;7790
15;Coruña, A;1976;8024
15;Coruña, A;1975;7931
16;Cuenca;2021;490
16;Cuenca;2020;243
16;Cuenca;2019;547
16;Cuenca;2018;567
16;Cuenca;2017;489
16;Cuenca;2016;544
16;Cuenca;2015;582
16;Cuenca;2014;566
16;Cuenca;2013;553
16;Cuenca;2012;609
16;Cuenca;2011;557
16;Cuenca;2010;592
16;Cuenca;2009;572
16;Cuenca;2008;688
16;Cuenca;2007;699
16;Cuenca;2006;699
16;Cuenca;2005;738
16;Cuenca;2004;711
16;Cuenca;2003;752
16;Cuenca;2002;747
16;Cuenca;2001;733
16;Cuenca;2000;804
16;Cuenca;1999;799
16;Cuenca;1998;829
16;Cuenca;1997;776
16;Cuenca;1996;852
16;Cuenca;1995;896
16;Cuenca;1994;898
16;Cuenca;1993;877
16;Cuenca;1992;987
16;Cuenca;1991;1020
16;Cuenca;1990;994
16;Cuenca;1989;1163
16;Cuenca;1988;1093
16;Cuenca;1987;1104
16;Cuenca;1986;1125
16;Cuenca;1985;1044
16;Cuenca;1984;1085
16;Cuenca;1983;1182
16;Cuenca;1982;1087
16;Cuenca;1981;1043
16;Cuenca;1980;1096
16;Cuenca;1979;1054
16;Cuenca;1978;1100
16;Cuenca;1977;1113
16;Cuenca;1976;1077
16;Cuenca;1975;1077
20;Gipuzkoa;2021;2084
20;Gipuzkoa;2020;1332
20;Gipuzkoa;2019;2496
20;Gipuzkoa;2018;2484
20;Gipuzkoa;2017;2581
20;Gipuzkoa;2016;2492
20;Gipuzkoa;2015;2450
20;Gipuzkoa;2014;2504
20;Gipuzkoa;2013;2477
20;Gipuzkoa;2012;2659
20;Gipuzkoa;2011;2742
20;Gipuzkoa;2010;2825
20;Gipuzkoa;2009;2981
20;Gipuzkoa;2008;3068
20;Gipuzkoa;2007;3093
20;Gipuzkoa;2006;3191
20;Gipuzkoa;2005;3300
20;Gipuzkoa;2004;3511
20;Gipuzkoa;2003;3499
20;Gipuzkoa;2002;3435
20;Gipuzkoa;2001;3335
20;Gipuzkoa;2000;3480
20;Gipuzkoa;1999;3230
20;Gipuzkoa;1998;3280
20;Gipuzkoa;1997;3103
20;Gipuzkoa;1996;3147
20;Gipuzkoa;1995;3265
20;Gipuzkoa;1994;3131
20;Gipuzkoa;1993;3105
20;Gipuzkoa;1992;3434
20;Gipuzkoa;1991;3197
20;Gipuzkoa;1990;3319
20;Gipuzkoa;1989;3224
20;Gipuzkoa;1988;3058
20;Gipuzkoa;1987;3097
20;Gipuzkoa;1986;3036
20;Gipuzkoa;1985;2766
20;Gipuzkoa;1984;3189
20;Gipuzkoa;1983;3167
20;Gipuzkoa;1982;3450
20;Gipuzkoa;1981;2895
20;Gipuzkoa;1980;3257
20;Gipuzkoa;1979;3950
20;Gipuzkoa;1978;4419
20;Gipuzkoa;1977;4838
20;Gipuzkoa;1976;5434
20;Gipuzkoa;1975;5616
17;Girona;2021;2525
17;Girona;2020;1600
17;Girona;2019;2820
17;Girona;2018;2770
17;Girona;2017;2810
17;Girona;2016;2776
17;Girona;2015;2838
17;Girona;2014;2815
17;Girona;2013;2597
17;Girona;2012;2526
17;Girona;2011;2534
17;Girona;2010;2499
17;Girona;2009;2674
17;Girona;2008;2840
17;Girona;2007;2865
17;Girona;2006;2853
17;Girona;2005;2826
17;Girona;2004;2940
17;Girona;2003;2718
17;Girona;2002;2597
17;Girona;2001;2382
17;Girona;2000;2387
17;Girona;1999;2277
17;Girona;1998;2417
17;Girona;1997;2472
17;Girona;1996;2514
17;Girona;1995;2502
17;Girona;1994;2545
17;Girona;1993;2570
17;Girona;1992;2884
17;Girona;1991;2736
17;Girona;1990;2842
17;Girona;1989;2895
17;Girona;1988;2780
17;Girona;1987;2657
17;Girona;1986;2626
17;Girona;1985;2608
17;Girona;1984;1218
17;Girona;1983;1185
17;Girona;1982;1093
17;Girona;1981;2621
17;Girona;1980;2981
17;Girona;1979;3322
17;Girona;1978;3529
17;Girona;1977;3468
17;Girona;1976;3423
17;Girona;1975;3467
18;Granada;2021;2764
18;Granada;2020;1448
18;Granada;2019;3078
18;Granada;2018;2986
18;Granada;2017;3125
18;Granada;2016;3183
18;Granada;2015;3137
18;Granada;2014;3099
18;Granada;2013;2747
18;Granada;2012;3020
18;Granada;2011;2814
18;Granada;2010;2976
18;Granada;2009;3201
18;Granada;2008;3783
18;Granada;2007;4177
18;Granada;2006;4084
18;Granada;2005;4281
18;Granada;2004;4583
18;Granada;2003;4463
18;Granada;2002;4267
18;Granada;2001;4400
18;Granada;2000;4543
18;Granada;1999;4205
18;Granada;1998;4166
18;Granada;1997;4143
18;Granada;1996;4077
18;Granada;1995;4280
18;Granada;1994;4313
18;Granada;1993;4273
18;Granada;1992;4682
18;Granada;1991;4749
18;Granada;1990;4951
18;Granada;1989;4972
18;Granada;1988;5151
18;Granada;1987;4942
18;Granada;1986;4862
18;Granada;1985;4746
18;Granada;1984;4668
18;Granada;1983;4619
18;Granada;1982;4202
18;Granada;1981;4517
18;Granada;1980;4643
18;Granada;1979;4800
18;Granada;1978;4716
18;Granada;1977;4708
18;Granada;1976;4471
18;Granada;1975;4609
19;Guadalajara;2021;836
19;Guadalajara;2020;520
19;Guadalajara;2019;953
19;Guadalajara;2018;976
19;Guadalajara;2017;939
19;Guadalajara;2016;999
19;Guadalajara;2015;1011
19;Guadalajara;2014;928
19;Guadalajara;2013;925
19;Guadalajara;2012;1069
19;Guadalajara;2011;1001
19;Guadalajara;2010;1083
19;Guadalajara;2009;1032
19;Guadalajara;2008;1199
19;Guadalajara;2007;1244
19;Guadalajara;2006;1182
19;Guadalajara;2005;1142
19;Guadalajara;2004;1055
19;Guadalajara;2003;1006
19;Guadalajara;2002;978
19;Guadalajara;2001;914
19;Guadalajara;2000;976
19;Guadalajara;1999;958
19;Guadalajara;1998;860
19;Guadalajara;1997;847
19;Guadalajara;1996;804
19;Guadalajara;1995;793
19;Guadalajara;1994;759
19;Guadalajara;1993;798
19;Guadalajara;1992;816
19;Guadalajara;1991;830
19;Guadalajara;1990;819
19;Guadalajara;1989;774
19;Guadalajara;1988;750
19;Guadalajara;1987;780
19;Guadalajara;1986;716
19;Guadalajara;1985;673
19;Guadalajara;1984;625
19;Guadalajara;1983;641
19;Guadalajara;1982;377
19;Guadalajara;1981;642
19;Guadalajara;1980;705
19;Guadalajara;1979;713
19;Guadalajara;1978;796
19;Guadalajara;1977;703
19;Guadalajara;1976;691
19;Guadalajara;1975;658
21;Huelva;2021;1624
21;Huelva;2020;995
21;Huelva;2019;1811
21;Huelva;2018;1647
21;Huelva;2017;1666
21;Huelva;2016;1856
21;Huelva;2015;1723
21;Huelva;2014;1671
21;Huelva;2013;1558
21;Huelva;2012;1863
21;Huelva;2011;1695
21;Huelva;2010;1750
21;Huelva;2009;1810
21;Huelva;2008;2384
21;Huelva;2007;2469
21;Huelva;2006;2539
21;Huelva;2005;2645
21;Huelva;2004;2581
21;Huelva;2003;2563
21;Huelva;2002;2456
21;Huelva;2001;2510
21;Huelva;2000;2601
21;Huelva;1999;2510
21;Huelva;1998;2453
21;Huelva;1997;2222
21;Huelva;1996;2163
21;Huelva;1995;2284
21;Huelva;1994;2373
21;Huelva;1993;2311
21;Huelva;1992;2470
21;Huelva;1991;2324
21;Huelva;1990;2381
21;Huelva;1989;2700
21;Huelva;1988;2688
21;Huelva;1987;2772
21;Huelva;1986;2480
21;Huelva;1985;2270
21;Huelva;1984;2329
21;Huelva;1983;2396
21;Huelva;1982;2327
21;Huelva;1981;2546
21;Huelva;1980;2768
21;Huelva;1979;2880
21;Huelva;1978;2951
21;Huelva;1977;2874
21;Huelva;1976;2847
21;Huelva;1975;2856
22;Huesca;2021;692
22;Huesca;2020;355
22;Huesca;2019;694
22;Huesca;2018;625
22;Huesca;2017;615
22;Huesca;2016;686
22;Huesca;2015;605
22;Huesca;2014;674
22;Huesca;2013;643
22;Huesca;2012;766
22;Huesca;2011;626
22;Huesca;2010;670
22;Huesca;2009;694
22;Huesca;2008;732
22;Huesca;2007;796
22;Huesca;2006;819
22;Huesca;2005;797
22;Huesca;2004;867
22;Huesca;2003;773
22;Huesca;2002;818
22;Huesca;2001;801
22;Huesca;2000;855
22;Huesca;1999;811
22;Huesca;1998;861
22;Huesca;1997;803
22;Huesca;1996;829
22;Huesca;1995;843
22;Huesca;1994;859
22;Huesca;1993;941
22;Huesca;1992;993
22;Huesca;1991;916
22;Huesca;1990;1036
22;Huesca;1989;1028
22;Huesca;1988;997
22;Huesca;1987;952
22;Huesca;1986;985
22;Huesca;1985;959
22;Huesca;1984;996
22;Huesca;1983;1000
22;Huesca;1982;984
22;Huesca;1981;975
22;Huesca;1980;1150
22;Huesca;1979;1109
22;Huesca;1978;1221
22;Huesca;1977;1213
22;Huesca;1976;1221
22;Huesca;1975;1285
23;Jaén;2021;1863
23;Jaén;2020;718
23;Jaén;2019;2182
23;Jaén;2018;2259
23;Jaén;2017;2274
23;Jaén;2016;2244
23;Jaén;2015;2143
23;Jaén;2014;2052
23;Jaén;2013;1818
23;Jaén;2012;2226
23;Jaén;2011;2175
23;Jaén;2010;2198
23;Jaén;2009;2449
23;Jaén;2008;2959
23;Jaén;2007;3108
23;Jaén;2006;3186
23;Jaén;2005;3198
23;Jaén;2004;3187
23;Jaén;2003;3168
23;Jaén;2002;3201
23;Jaén;2001;3090
23;Jaén;2000;3403
23;Jaén;1999;3306
23;Jaén;1998;3250
23;Jaén;1997;3227
23;Jaén;1996;3081
23;Jaén;1995;3329
23;Jaén;1994;3199
23;Jaén;1993;3380
23;Jaén;1992;3684
23;Jaén;1991;3928
23;Jaén;1990;4055
23;Jaén;1989;4207
23;Jaén;1988;4321
23;Jaén;1987;4247
23;Jaén;1986;4106
23;Jaén;1985;4059
23;Jaén;1984;3992
23;Jaén;1983;4174
23;Jaén;1982;3708
23;Jaén;1981;3990
23;Jaén;1980;4145
23;Jaén;1979;4408
23;Jaén;1978;4255
23;Jaén;1977;3913
23;Jaén;1976;3836
23;Jaén;1975;3891
24;León;2021;1211
24;León;2020;690
24;León;2019;1251
24;León;2018;1343
24;León;2017;1412
24;León;2016;1380
24;León;2015;1294
24;León;2014;1430
24;León;2013;1367
24;León;2012;1586
24;León;2011;1448
24;León;2010;1518
24;León;2009;1517
24;León;2008;1646
24;León;2007;1760
24;León;2006;1623
24;León;2005;1727
24;León;2004;1760
24;León;2003;1771
24;León;2002;1800
24;León;2001;1757
24;León;2000;1940
24;León;1999;1961
24;León;1998;1925
24;León;1997;1972
24;León;1996;1910
24;León;1995;1896
24;León;1994;1984
24;León;1993;2000
24;León;1992;2283
24;León;1991;2267
24;León;1990;2361
24;León;1989;2518
24;León;1988;2642
24;León;1987;2595
24;León;1986;2793
24;León;1985;2734
24;León;1984;2857
24;León;1983;2908
24;León;1982;2980
24;León;1981;2961
24;León;1980;3046
24;León;1979;3155
24;León;1978;3276
24;León;1977;3048
24;León;1976;3121
24;León;1975;3234
25;Lleida;2021;1220
25;Lleida;2020;827
25;Lleida;2019;1349
25;Lleida;2018;1334
25;Lleida;2017;1411
25;Lleida;2016;1442
25;Lleida;2015;1311
25;Lleida;2014;1413
25;Lleida;2013;1330
25;Lleida;2012;1443
25;Lleida;2011;1433
25;Lleida;2010;1560
25;Lleida;2009;1582
25;Lleida;2008;1785
25;Lleida;2007;1821
25;Lleida;2006;1778
25;Lleida;2005;1726
25;Lleida;2004;1757
25;Lleida;2003;1745
25;Lleida;2002;1741
25;Lleida;2001;1626
25;Lleida;2000;1687
25;Lleida;1999;1782
25;Lleida;1998;1663
25;Lleida;1997;1627
25;Lleida;1996;1664
25;Lleida;1995;1732
25;Lleida;1994;1656
25;Lleida;1993;1729
25;Lleida;1992;1890
25;Lleida;1991;1834
25;Lleida;1990;1779
25;Lleida;1989;1857
25;Lleida;1988;1832
25;Lleida;1987;1888
25;Lleida;1986;1852
25;Lleida;1985;1836
25;Lleida;1984;1708
25;Lleida;1983;1740
25;Lleida;1982;1796
25;Lleida;1981;1711
25;Lleida;1980;1942
25;Lleida;1979;2119
25;Lleida;1978;2283
25;Lleida;1977;2199
25;Lleida;1976;2170
25;Lleida;1975;2351
27;Lugo;2021;903
27;Lugo;2020;633
27;Lugo;2019;998
27;Lugo;2018;1018
27;Lugo;2017;1053
27;Lugo;2016;1045
27;Lugo;2015;975
27;Lugo;2014;977
27;Lugo;2013;924
27;Lugo;2012;1026
27;Lugo;2011;1027
27;Lugo;2010;1069
27;Lugo;2009;1080
27;Lugo;2008;1122
27;Lugo;2007;1141
27;Lugo;2006;1113
27;Lugo;2005;1075
27;Lugo;2004;1173
27;Lugo;2003;1190
27;Lugo;2002;1194
27;Lugo;2001;1132
27;Lugo;2000;1289
27;Lugo;1999;1293
27;Lugo;1998;1345
27;Lugo;1997;1322
27;Lugo;1996;1341
27;Lugo;1995;1411
27;Lugo;1994;1390
27;Lugo;1993;1494
27;Lugo;1992;1584
27;Lugo;1991;1683
27;Lugo;1990;1745
27;Lugo;1989;1950
27;Lugo;1988;1810
27;Lugo;1987;1767
27;Lugo;1986;1827
27;Lugo;1985;1791
27;Lugo;1984;1909
27;Lugo;1983;2061
27;Lugo;1982;1986
27;Lugo;1981;2225
27;Lugo;1980;2314
27;Lugo;1979;2471
27;Lugo;1978;2415
27;Lugo;1977;2406
27;Lugo;1976;2323
27;Lugo;1975;2301
28;Madrid;2021;21416
28;Madrid;2020;12394
28;Madrid;2019;23538
28;Madrid;2018;23797
28;Madrid;2017;25039
28;Madrid;2016;25215
28;Madrid;2015;24848
28;Madrid;2014;23222
28;Madrid;2013;23878
28;Madrid;2012;24526
28;Madrid;2011;24306
28;Madrid;2010;24603
28;Madrid;2009;24505
28;Madrid;2008;26583
28;Madrid;2007;28000
28;Madrid;2006;27684
28;Madrid;2005;28387
28;Madrid;2004;30205
28;Madrid;2003;29735
28;Madrid;2002;30021
28;Madrid;2001;29854
28;Madrid;2000;30631
28;Madrid;1999;29051
28;Madrid;1998;28722
28;Madrid;1997;26448
28;Madrid;1996;25773
28;Madrid;1995;27069
28;Madrid;1994;27014
28;Madrid;1993;27540
28;Madrid;1992;29650
28;Madrid;1991;29585
28;Madrid;1990;29132
28;Madrid;1989;28487
28;Madrid;1988;27564
28;Madrid;1987;26990
28;Madrid;1986;26201
28;Madrid;1985;25046
28;Madrid;1984;25990
28;Madrid;1983;26733
28;Madrid;1982;26514
28;Madrid;1981;25453
28;Madrid;1980;28808
28;Madrid;1979;31524
28;Madrid;1978;33858
28;Madrid;1977;35592
28;Madrid;1976;35766
28;Madrid;1975;38812
29;Málaga;2021;4980
29;Málaga;2020;3055
29;Málaga;2019;5537
29;Málaga;2018;5446
29;Málaga;2017;5720
29;Málaga;2016;5554
29;Málaga;2015;5551
29;Málaga;2014;5392
29;Málaga;2013;5036
29;Málaga;2012;5355
29;Málaga;2011;5156
29;Málaga;2010;5591
29;Málaga;2009;5868
29;Málaga;2008;6994
29;Málaga;2007;7238
29;Málaga;2006;7463
29;Málaga;2005;7349
29;Málaga;2004;7648
29;Málaga;2003;7541
29;Málaga;2002;7246
29;Málaga;2001;7306
29;Málaga;2000;6997
29;Málaga;1999;6841
29;Málaga;1998;6511
29;Málaga;1997;6040
29;Málaga;1996;5834
29;Málaga;1995;6445
29;Málaga;1994;6103
29;Málaga;1993;6131
29;Málaga;1992;6401
29;Málaga;1991;6901
29;Málaga;1990;6986
29;Málaga;1989;6813
29;Málaga;1988;6469
29;Málaga;1987;6704
29;Málaga;1986;6336
29;Málaga;1985;5969
29;Málaga;1984;6006
29;Málaga;1983;5890
29;Málaga;1982;5869
29;Málaga;1981;5904
29;Málaga;1980;6063
29;Málaga;1979;6701
29;Málaga;1978;6565
29;Málaga;1977;6584
29;Málaga;1976;6136
29;Málaga;1975;7137
30;Murcia;2021;4298
30;Murcia;2020;2601
30;Murcia;2019;4955
30;Murcia;2018;5079
30;Murcia;2017;5094
30;Murcia;2016;5067
30;Murcia;2015;4815
30;Murcia;2014;4846
30;Murcia;2013;4375
30;Murcia;2012;4867
30;Murcia;2011;4656
30;Murcia;2010;4996
30;Murcia;2009;5125
30;Murcia;2008;5765
30;Murcia;2007;6647
30;Murcia;2006;6484
30;Murcia;2005;6668
30;Murcia;2004;6651
30;Murcia;2003;6816
30;Murcia;2002;6663
30;Murcia;2001;6530
30;Murcia;2000;6942
30;Murcia;1999;6654
30;Murcia;1998;6409
30;Murcia;1997;6203
30;Murcia;1996;5914
30;Murcia;1995;6040
30;Murcia;1994;5893
30;Murcia;1993;5830
30;Murcia;1992;6372
30;Murcia;1991;6434
30;Murcia;1990;6688
30;Murcia;1989;6840
30;Murcia;1988;6728
30;Murcia;1987;6648
30;Murcia;1986;6435
30;Murcia;1985;5931
30;Murcia;1984;1461
30;Murcia;1983;1112
30;Murcia;1982;782
30;Murcia;1981;5795
30;Murcia;1980;6432
30;Murcia;1979;6635
30;Murcia;1978;6595
30;Murcia;1977;6586
30;Murcia;1976;6355
30;Murcia;1975;6467
31;Navarra;2021;1932
31;Navarra;2020;1279
31;Navarra;2019;2050
31;Navarra;2018;2050
31;Navarra;2017;2295
31;Navarra;2016;2383
31;Navarra;2015;2616
31;Navarra;2014;2301
31;Navarra;2013;2097
31;Navarra;2012;2232
31;Navarra;2011;2218
31;Navarra;2010;2285
31;Navarra;2009;2492
31;Navarra;2008;2681
31;Navarra;2007;2705
31;Navarra;2006;2727
31;Navarra;2005;2671
31;Navarra;2004;2920
31;Navarra;2003;2868
31;Navarra;2002;2828
31;Navarra;2001;2694
31;Navarra;2000;2969
31;Navarra;1999;2841
31;Navarra;1998;2736
31;Navarra;1997;2554
31;Navarra;1996;2714
31;Navarra;1995;2653
31;Navarra;1994;2663
31;Navarra;1993;2720
31;Navarra;1992;2689
31;Navarra;1991;2661
31;Navarra;1990;2677
31;Navarra;1989;2630
31;Navarra;1988;2636
31;Navarra;1987;2622
31;Navarra;1986;2506
31;Navarra;1985;2413
31;Navarra;1984;2633
31;Navarra;1983;2575
31;Navarra;1982;2667
31;Navarra;1981;2664
31;Navarra;1980;3017
31;Navarra;1979;3225
31;Navarra;1978;3450
31;Navarra;1977;3480
31;Navarra;1976;3481
31;Navarra;1975;3706
32;Ourense;2021;826
32;Ourense;2020;496
32;Ourense;2019;860
32;Ourense;2018;737
32;Ourense;2017;819
32;Ourense;2016;825
32;Ourense;2015;825
32;Ourense;2014;846
32;Ourense;2013;861
32;Ourense;2012;917
32;Ourense;2011;881
32;Ourense;2010;908
32;Ourense;2009;936
32;Ourense;2008;1062
32;Ourense;2007;1263
32;Ourense;2006;1147
32;Ourense;2005;1119
32;Ourense;2004;1178
32;Ourense;2003;1126
32;Ourense;2002;1237
32;Ourense;2001;1200
32;Ourense;2000;1299
32;Ourense;1999;1280
32;Ourense;1998;1309
32;Ourense;1997;1224
32;Ourense;1996;1301
32;Ourense;1995;1299
32;Ourense;1994;1342
32;Ourense;1993;1403
32;Ourense;1992;1550
32;Ourense;1991;1508
32;Ourense;1990;1600
32;Ourense;1989;1724
32;Ourense;1988;1822
32;Ourense;1987;1811
32;Ourense;1986;1705
32;Ourense;1985;1721
32;Ourense;1984;1826
32;Ourense;1983;1848
32;Ourense;1982;1795
32;Ourense;1981;1805
32;Ourense;1980;2087
32;Ourense;1979;2337
32;Ourense;1978;2491
32;Ourense;1977;2521
32;Ourense;1976;2475
32;Ourense;1975;2538
34;Palencia;2021;403
34;Palencia;2020;190
34;Palencia;2019;443
34;Palencia;2018;477
34;Palencia;2017;500
34;Palencia;2016;531
34;Palencia;2015;492
34;Palencia;2014;495
34;Palencia;2013;440
34;Palencia;2012;550
34;Palencia;2011;480
34;Palencia;2010;542
34;Palencia;2009;525
34;Palencia;2008;596
34;Palencia;2007;621
34;Palencia;2006;671
34;Palencia;2005;695
34;Palencia;2004;686
34;Palencia;2003;640
34;Palencia;2002;702
34;Palencia;2001;680
34;Palencia;2000;762
34;Palencia;1999;710
34;Palencia;1998;610
34;Palencia;1997;696
34;Palencia;1996;703
34;Palencia;1995;763
34;Palencia;1994;776
34;Palencia;1993;746
34;Palencia;1992;795
34;Palencia;1991;898
34;Palencia;1990;859
34;Palencia;1989;908
34;Palencia;1988;947
34;Palencia;1987;883
34;Palencia;1986;973
34;Palencia;1985;903
34;Palencia;1984;938
34;Palencia;1983;959
34;Palencia;1982;1060
34;Palencia;1981;979
34;Palencia;1980;1037
34;Palencia;1979;1095
34;Palencia;1978;1128
34;Palencia;1977;971
34;Palencia;1976;999
34;Palencia;1975;954
35;Palmas, Las;2021;3385
35;Palmas, Las;2020;2399
35;Palmas, Las;2019;3913
35;Palmas, Las;2018;3884
35;Palmas, Las;2017;3787
35;Palmas, Las;2016;3744
35;Palmas, Las;2015;3487
35;Palmas, Las;2014;3337
35;Palmas, Las;2013;3283
35;Palmas, Las;2012;2996
35;Palmas, Las;2011;2756
35;Palmas, Las;2010;2704
35;Palmas, Las;2009;2926
35;Palmas, Las;2008;3153
35;Palmas, Las;2007;3274
35;Palmas, Las;2006;3340
35;Palmas, Las;2005;3339
35;Palmas, Las;2004;3518
35;Palmas, Las;2003;3688
35;Palmas, Las;2002;3631
35;Palmas, Las;2001;3900
35;Palmas, Las;2000;4020
35;Palmas, Las;1999;4197
35;Palmas, Las;1998;4135
35;Palmas, Las;1997;3981
35;Palmas, Las;1996;4052
35;Palmas, Las;1995;4309
35;Palmas, Las;1994;4343
35;Palmas, Las;1993;4387
35;Palmas, Las;1992;4637
35;Palmas, Las;1991;4692
35;Palmas, Las;1990;5101
35;Palmas, Las;1989;5309
35;Palmas, Las;1988;5520
35;Palmas, Las;1987;5389
35;Palmas, Las;1986;4750
35;Palmas, Las;1985;4602
35;Palmas, Las;1984;4446
35;Palmas, Las;1983;4464
35;Palmas, Las;1982;4309
35;Palmas, Las;1981;4604
35;Palmas, Las;1980;5029
35;Palmas, Las;1979;5396
35;Palmas, Las;1978;5333
35;Palmas, Las;1977;5154
35;Palmas, Las;1976;5096
35;Palmas, Las;1975;4981
36;Pontevedra;2021;2999
36;Pontevedra;2020;1987
36;Pontevedra;2019;3303
36;Pontevedra;2018;2879
36;Pontevedra;2017;3223
36;Pontevedra;2016;3256
36;Pontevedra;2015;3224
36;Pontevedra;2014;2934
36;Pontevedra;2013;2917
36;Pontevedra;2012;3185
36;Pontevedra;2011;3179
36;Pontevedra;2010;3440
36;Pontevedra;2009;3440
36;Pontevedra;2008;3868
36;Pontevedra;2007;3958
36;Pontevedra;2006;4036
36;Pontevedra;2005;4061
36;Pontevedra;2004;4123
36;Pontevedra;2003;4013
36;Pontevedra;2002;4212
36;Pontevedra;2001;4199
36;Pontevedra;2000;4354
36;Pontevedra;1999;4401
36;Pontevedra;1998;4416
36;Pontevedra;1997;4129
36;Pontevedra;1996;4058
36;Pontevedra;1995;4089
36;Pontevedra;1994;4076
36;Pontevedra;1993;4317
36;Pontevedra;1992;4589
36;Pontevedra;1991;4476
36;Pontevedra;1990;4339
36;Pontevedra;1989;4381
36;Pontevedra;1988;4265
36;Pontevedra;1987;4236
36;Pontevedra;1986;3987
36;Pontevedra;1985;3887
36;Pontevedra;1984;4118
36;Pontevedra;1983;3895
36;Pontevedra;1982;4096
36;Pontevedra;1981;4645
36;Pontevedra;1980;5400
36;Pontevedra;1979;5865
36;Pontevedra;1978;6082
36;Pontevedra;1977;6309
36;Pontevedra;1976;6289
36;Pontevedra;1975;6190
26;Rioja, La;2021;953
26;Rioja, La;2020;600
26;Rioja, La;2019;1093
26;Rioja, La;2018;1117
26;Rioja, La;2017;1035
26;Rioja, La;2016;1133
26;Rioja, La;2015;1063
26;Rioja, La;2014;1114
26;Rioja, La;2013;994
26;Rioja, La;2012;1111
26;Rioja, La;2011;1069
26;Rioja, La;2010;1126
26;Rioja, La;2009;1205
26;Rioja, La;2008;1323
26;Rioja, La;2007;1354
26;Rioja, La;2006;1373
26;Rioja, La;2005;1407
26;Rioja, La;2004;1477
26;Rioja, La;2003;1466
26;Rioja, La;2002;1380
26;Rioja, La;2001;1392
26;Rioja, La;2000;1439
26;Rioja, La;1999;1295
26;Rioja, La;1998;1309
26;Rioja, La;1997;1322
26;Rioja, La;1996;1270
26;Rioja, La;1995;1187
26;Rioja, La;1994;1237
26;Rioja, La;1993;1199
26;Rioja, La;1992;1303
26;Rioja, La;1991;1309
26;Rioja, La;1990;1318
26;Rioja, La;1989;1378
26;Rioja, La;1988;1339
26;Rioja, La;1987;1420
26;Rioja, La;1986;1357
26;Rioja, La;1985;1325
26;Rioja, La;1984;1419
26;Rioja, La;1983;1365
26;Rioja, La;1982;1208
26;Rioja, La;1981;1245
26;Rioja, La;1980;1449
26;Rioja, La;1979;1749
26;Rioja, La;1978;1689
26;Rioja, La;1977;1681
26;Rioja, La;1976;1592
26;Rioja, La;1975;1746
37;Salamanca;2021;740
37;Salamanca;2020;367
37;Salamanca;2019;944
37;Salamanca;2018;974
37;Salamanca;2017;1080
37;Salamanca;2016;1041
37;Salamanca;2015;1044
37;Salamanca;2014;1081
37;Salamanca;2013;1069
37;Salamanca;2012;1139
37;Salamanca;2011;935
37;Salamanca;2010;1075
37;Salamanca;2009;1211
37;Salamanca;2008;1324
37;Salamanca;2007;1370
37;Salamanca;2006;1336
37;Salamanca;2005;1408
37;Salamanca;2004;1456
37;Salamanca;2003;1494
37;Salamanca;2002;1455
37;Salamanca;2001;1461
37;Salamanca;2000;1561
37;Salamanca;1999;1535
37;Salamanca;1998;1462
37;Salamanca;1997;1454
37;Salamanca;1996;1406
37;Salamanca;1995;1462
37;Salamanca;1994;1464
37;Salamanca;1993;1551
37;Salamanca;1992;1727
37;Salamanca;1991;1755
37;Salamanca;1990;1708
37;Salamanca;1989;1850
37;Salamanca;1988;1810
37;Salamanca;1987;1798
37;Salamanca;1986;1841
37;Salamanca;1985;1599
37;Salamanca;1984;1429
37;Salamanca;1983;749
37;Salamanca;1982;556
37;Salamanca;1981;596
37;Salamanca;1980;745
37;Salamanca;1979;2091
37;Salamanca;1978;2068
37;Salamanca;1977;1987
37;Salamanca;1976;1913
37;Salamanca;1975;2003
38;Santa Cruz de Tenerife;2021;3095
38;Santa Cruz de Tenerife;2020;2209
38;Santa Cruz de Tenerife;2019;3475
38;Santa Cruz de Tenerife;2018;3514
38;Santa Cruz de Tenerife;2017;3449
38;Santa Cruz de Tenerife;2016;3314
38;Santa Cruz de Tenerife;2015;3176
38;Santa Cruz de Tenerife;2014;2992
38;Santa Cruz de Tenerife;2013;2697
38;Santa Cruz de Tenerife;2012;2683
38;Santa Cruz de Tenerife;2011;2676
38;Santa Cruz de Tenerife;2010;2753
38;Santa Cruz de Tenerife;2009;2990
38;Santa Cruz de Tenerife;2008;3185
38;Santa Cruz de Tenerife;2007;3129
38;Santa Cruz de Tenerife;2006;3456
38;Santa Cruz de Tenerife;2005;3401
38;Santa Cruz de Tenerife;2004;3318
38;Santa Cruz de Tenerife;2003;3261
38;Santa Cruz de Tenerife;2002;3337
38;Santa Cruz de Tenerife;2001;3290
38;Santa Cruz de Tenerife;2000;3558
38;Santa Cruz de Tenerife;1999;3828
38;Santa Cruz de Tenerife;1998;3956
38;Santa Cruz de Tenerife;1997;3600
38;Santa Cruz de Tenerife;1996;3618
38;Santa Cruz de Tenerife;1995;3840
38;Santa Cruz de Tenerife;1994;3985
38;Santa Cruz de Tenerife;1993;3796
38;Santa Cruz de Tenerife;1992;4129
38;Santa Cruz de Tenerife;1991;4245
38;Santa Cruz de Tenerife;1990;4417
38;Santa Cruz de Tenerife;1989;4230
38;Santa Cruz de Tenerife;1988;4592
38;Santa Cruz de Tenerife;1987;4343
38;Santa Cruz de Tenerife;1986;4032
38;Santa Cruz de Tenerife;1985;3907
38;Santa Cruz de Tenerife;1984;4173
38;Santa Cruz de Tenerife;1983;4166
38;Santa Cruz de Tenerife;1982;4098
38;Santa Cruz de Tenerife;1981;3971
38;Santa Cruz de Tenerife;1980;4463
38;Santa Cruz de Tenerife;1979;4835
38;Santa Cruz de Tenerife;1978;4656
38;Santa Cruz de Tenerife;1977;4446
38;Santa Cruz de Tenerife;1976;4576
38;Santa Cruz de Tenerife;1975;4546
40;Segovia;2021;406
40;Segovia;2020;228
40;Segovia;2019;532
40;Segovia;2018;481
40;Segovia;2017;549
40;Segovia;2016;484
40;Segovia;2015;520
40;Segovia;2014;452
40;Segovia;2013;439
40;Segovia;2012;481
40;Segovia;2011;513
40;Segovia;2010;534
40;Segovia;2009;566
40;Segovia;2008;664
40;Segovia;2007;594
40;Segovia;2006;586
40;Segovia;2005;604
40;Segovia;2004;644
40;Segovia;2003;586
40;Segovia;2002;686
40;Segovia;2001;611
40;Segovia;2000;644
40;Segovia;1999;658
40;Segovia;1998;652
40;Segovia;1997;635
40;Segovia;1996;641
40;Segovia;1995;599
40;Segovia;1994;655
40;Segovia;1993;683
40;Segovia;1992;707
40;Segovia;1991;697
40;Segovia;1990;719
40;Segovia;1989;698
40;Segovia;1988;768
40;Segovia;1987;691
40;Segovia;1986;742
40;Segovia;1985;713
40;Segovia;1984;722
40;Segovia;1983;734
40;Segovia;1982;698
40;Segovia;1981;693
40;Segovia;1980;753
40;Segovia;1979;788
40;Segovia;1978;783
40;Segovia;1977;878
40;Segovia;1976;754
40;Segovia;1975;860
41;Sevilla;2021;6541
41;Sevilla;2020;3663
41;Sevilla;2019;7601
41;Sevilla;2018;7346
41;Sevilla;2017;7284
41;Sevilla;2016;7681
41;Sevilla;2015;7456
41;Sevilla;2014;7105
41;Sevilla;2013;6643
41;Sevilla;2012;7312
41;Sevilla;2011;7110
41;Sevilla;2010;7528
41;Sevilla;2009;8150
41;Sevilla;2008;9565
41;Sevilla;2007;10365
41;Sevilla;2006;10574
41;Sevilla;2005;10885
41;Sevilla;2004;10625
41;Sevilla;2003;10159
41;Sevilla;2002;10216
41;Sevilla;2001;10020
41;Sevilla;2000;10267
41;Sevilla;1999;9768
41;Sevilla;1998;9672
41;Sevilla;1997;9196
41;Sevilla;1996;8905
41;Sevilla;1995;9140
41;Sevilla;1994;9222
41;Sevilla;1993;9587
41;Sevilla;1992;9881
41;Sevilla;1991;10397
41;Sevilla;1990;10252
41;Sevilla;1989;10264
41;Sevilla;1988;9948
41;Sevilla;1987;9780
41;Sevilla;1986;9239
41;Sevilla;1985;8719
41;Sevilla;1984;8924
41;Sevilla;1983;8985
41;Sevilla;1982;8844
41;Sevilla;1981;8794
41;Sevilla;1980;9443
41;Sevilla;1979;10206
41;Sevilla;1978;10548
41;Sevilla;1977;10793
41;Sevilla;1976;10521
41;Sevilla;1975;10388
42;Soria;2021;238
42;Soria;2020;147
42;Soria;2019;269
42;Soria;2018;273
42;Soria;2017;262
42;Soria;2016;270
42;Soria;2015;240
42;Soria;2014;253
42;Soria;2013;233
42;Soria;2012;277
42;Soria;2011;250
42;Soria;2010;273
42;Soria;2009;290
42;Soria;2008;254
42;Soria;2007;288
42;Soria;2006;308
42;Soria;2005;290
42;Soria;2004;320
42;Soria;2003;356
42;Soria;2002;362
42;Soria;2001;317
42;Soria;2000;323
42;Soria;1999;362
42;Soria;1998;381
42;Soria;1997;347
42;Soria;1996;343
42;Soria;1995;368
42;Soria;1994;363
42;Soria;1993;376
42;Soria;1992;436
42;Soria;1991;372
42;Soria;1990;389
42;Soria;1989;423
42;Soria;1988;422
42;Soria;1987;421
42;Soria;1986;415
42;Soria;1985;436
42;Soria;1984;413
42;Soria;1983;451
42;Soria;1982;409
42;Soria;1981;432
42;Soria;1980;461
42;Soria;1979;440
42;Soria;1978;467
42;Soria;1977;476
42;Soria;1976;444
42;Soria;1975;517
43;Tarragona;2021;2482
43;Tarragona;2020;1726
43;Tarragona;2019;2725
43;Tarragona;2018;2633
43;Tarragona;2017;2861
43;Tarragona;2016;2948
43;Tarragona;2015;2832
43;Tarragona;2014;2705
43;Tarragona;2013;2620
43;Tarragona;2012;2783
43;Tarragona;2011;2714
43;Tarragona;2010;2955
43;Tarragona;2009;3028
43;Tarragona;2008;3454
43;Tarragona;2007;3477
43;Tarragona;2006;3508
43;Tarragona;2005;3482
43;Tarragona;2004;3662
43;Tarragona;2003;3444
43;Tarragona;2002;3265
43;Tarragona;2001;3138
43;Tarragona;2000;3190
43;Tarragona;1999;3154
43;Tarragona;1998;3114
43;Tarragona;1997;2944
43;Tarragona;1996;2893
43;Tarragona;1995;3049
43;Tarragona;1994;2880
43;Tarragona;1993;2737
43;Tarragona;1992;3073
43;Tarragona;1991;3004
43;Tarragona;1990;3051
43;Tarragona;1989;3121
43;Tarragona;1988;3042
43;Tarragona;1987;2987
43;Tarragona;1986;2869
43;Tarragona;1985;2847
43;Tarragona;1984;2839
43;Tarragona;1983;2755
43;Tarragona;1982;2847
43;Tarragona;1981;2726
43;Tarragona;1980;3136
43;Tarragona;1979;3471
43;Tarragona;1978;3837
43;Tarragona;1977;3814
43;Tarragona;1976;3702
43;Tarragona;1975;3796
44;Teruel;2021;358
44;Teruel;2020;257
44;Teruel;2019;367
44;Teruel;2018;377
44;Teruel;2017;397
44;Teruel;2016;386
44;Teruel;2015;377
44;Teruel;2014;430
44;Teruel;2013;407
44;Teruel;2012;421
44;Teruel;2011;397
44;Teruel;2010;415
44;Teruel;2009;428
44;Teruel;2008;453
44;Teruel;2007;481
44;Teruel;2006;489
44;Teruel;2005;532
44;Teruel;2004;513
44;Teruel;2003;584
44;Teruel;2002;561
44;Teruel;2001;485
44;Teruel;2000;547
44;Teruel;1999;513
44;Teruel;1998;513
44;Teruel;1997;469
44;Teruel;1996;516
44;Teruel;1995;496
44;Teruel;1994;582
44;Teruel;1993;579
44;Teruel;1992;665
44;Teruel;1991;612
44;Teruel;1990;642
44;Teruel;1989;709
44;Teruel;1988;775
44;Teruel;1987;732
44;Teruel;1986;714
44;Teruel;1985;728
44;Teruel;1984;765
44;Teruel;1983;802
44;Teruel;1982;789
44;Teruel;1981;687
44;Teruel;1980;754
44;Teruel;1979;823
44;Teruel;1978;905
44;Teruel;1977;812
44;Teruel;1976;792
44;Teruel;1975;750
45;Toledo;2021;2282
45;Toledo;2020;1185
45;Toledo;2019;2496
45;Toledo;2018;2520
45;Toledo;2017;2579
45;Toledo;2016;2597
45;Toledo;2015;2423
45;Toledo;2014;2438
45;Toledo;2013;2302
45;Toledo;2012;2663
45;Toledo;2011;2627
45;Toledo;2010;2603
45;Toledo;2009;2847
45;Toledo;2008;3291
45;Toledo;2007;3091
45;Toledo;2006;3034
45;Toledo;2005;3063
45;Toledo;2004;3048
45;Toledo;2003;2826
45;Toledo;2002;2838
45;Toledo;2001;2855
45;Toledo;2000;2723
45;Toledo;1999;2686
45;Toledo;1998;2561
45;Toledo;1997;2499
45;Toledo;1996;2438
45;Toledo;1995;2622
45;Toledo;1994;2693
45;Toledo;1993;2602
45;Toledo;1992;2770
45;Toledo;1991;2710
45;Toledo;1990;2705
45;Toledo;1989;2777
45;Toledo;1988;2856
45;Toledo;1987;2782
45;Toledo;1986;2616
45;Toledo;1985;2620
45;Toledo;1984;2686
45;Toledo;1983;2725
45;Toledo;1982;2572
45;Toledo;1981;2737
45;Toledo;1980;2539
45;Toledo;1979;2897
45;Toledo;1978;2882
45;Toledo;1977;2791
45;Toledo;1976;2712
45;Toledo;1975;2928
46;Valencia/València;2021;8354
46;Valencia/València;2020;5279
46;Valencia/València;2019;8937
46;Valencia/València;2018;9328
46;Valencia/València;2017;9450
46;Valencia/València;2016;9834
46;Valencia/València;2015;9589
46;Valencia/València;2014;9281
46;Valencia/València;2013;8989
46;Valencia/València;2012;9437
46;Valencia/València;2011;9285
46;Valencia/València;2010;9676
46;Valencia/València;2009;10130
46;Valencia/València;2008;11407
46;Valencia/València;2007;12165
46;Valencia/València;2006;12652
46;Valencia/València;2005;13391
46;Valencia/València;2004;14454
46;Valencia/València;2003;13933
46;Valencia/València;2002;13358
46;Valencia/València;2001;12726
46;Valencia/València;2000;12984
46;Valencia/València;1999;12358
46;Valencia/València;1998;12622
46;Valencia/València;1997;11547
46;Valencia/València;1996;11400
46;Valencia/València;1995;11672
46;Valencia/València;1994;11210
46;Valencia/València;1993;11367
46;Valencia/València;1992;12516
46;Valencia/València;1991;12028
46;Valencia/València;1990;12073
46;Valencia/València;1989;12221
46;Valencia/València;1988;12122
46;Valencia/València;1987;11776
46;Valencia/València;1986;11330
46;Valencia/València;1985;10986
46;Valencia/València;1984;11960
46;Valencia/València;1983;12204
46;Valencia/València;1982;11954
46;Valencia/València;1981;12144
46;Valencia/València;1980;13493
46;Valencia/València;1979;14953
46;Valencia/València;1978;15800
46;Valencia/València;1977;15650
46;Valencia/València;1976;15172
46;Valencia/València;1975;15402
47;Valladolid;2021;1388
47;Valladolid;2020;751
47;Valladolid;2019;1642
47;Valladolid;2018;1642
47;Valladolid;2017;1806
47;Valladolid;2016;1764
47;Valladolid;2015;1784
47;Valladolid;2014;1805
47;Valladolid;2013;1770
47;Valladolid;2012;1975
47;Valladolid;2011;1911
47;Valladolid;2010;1999
47;Valladolid;2009;2147
47;Valladolid;2008;2342
47;Valladolid;2007;2553
47;Valladolid;2006;2504
47;Valladolid;2005;2499
47;Valladolid;2004;2585
47;Valladolid;2003;2427
47;Valladolid;2002;2496
47;Valladolid;2001;2538
47;Valladolid;2000;2563
47;Valladolid;1999;2347
47;Valladolid;1998;2260
47;Valladolid;1997;2030
47;Valladolid;1996;2145
47;Valladolid;1995;2210
47;Valladolid;1994;2207
47;Valladolid;1993;2280
47;Valladolid;1992;2489
47;Valladolid;1991;2584
47;Valladolid;1990;2565
47;Valladolid;1989;2439
47;Valladolid;1988;2239
47;Valladolid;1987;2099
47;Valladolid;1986;1118
47;Valladolid;1985;930
47;Valladolid;1984;1361
47;Valladolid;1983;1820
47;Valladolid;1982;980
47;Valladolid;1981;759
47;Valladolid;1980;1025
47;Valladolid;1979;3043
47;Valladolid;1978;3240
47;Valladolid;1977;3348
47;Valladolid;1976;3222
47;Valladolid;1975;3317
49;Zamora;2021;353
49;Zamora;2020;186
49;Zamora;2019;395
49;Zamora;2018;416
49;Zamora;2017;402
49;Zamora;2016;447
49;Zamora;2015;425
49;Zamora;2014;422
49;Zamora;2013;386
49;Zamora;2012;477
49;Zamora;2011;464
49;Zamora;2010;480
49;Zamora;2009;537
49;Zamora;2008;551
49;Zamora;2007;597
49;Zamora;2006;565
49;Zamora;2005;597
49;Zamora;2004;623
49;Zamora;2003;694
49;Zamora;2002;633
49;Zamora;2001;618
49;Zamora;2000;678
49;Zamora;1999;706
49;Zamora;1998;705
49;Zamora;1997;736
49;Zamora;1996;728
49;Zamora;1995;748
49;Zamora;1994;796
49;Zamora;1993;782
49;Zamora;1992;826
49;Zamora;1991;856
49;Zamora;1990;933
49;Zamora;1989;954
49;Zamora;1988;967
49;Zamora;1987;987
49;Zamora;1986;1036
49;Zamora;1985;1030
49;Zamora;1984;1096
49;Zamora;1983;961
49;Zamora;1982;984
49;Zamora;1981;1127
49;Zamora;1980;1036
49;Zamora;1979;1157
49;Zamora;1978;1235
49;Zamora;1977;1150
49;Zamora;1976;1156
49;Zamora;1975;1168
50;Zaragoza;2021;3009
50;Zaragoza;2020;1625
50;Zaragoza;2019;2832
50;Zaragoza;2018;3089
50;Zaragoza;2017;3214
50;Zaragoza;2016;3297
50;Zaragoza;2015;3263
50;Zaragoza;2014;3059
50;Zaragoza;2013;3273
50;Zaragoza;2012;3478
50;Zaragoza;2011;3245
50;Zaragoza;2010;3352
50;Zaragoza;2009;3597
50;Zaragoza;2008;3861
50;Zaragoza;2007;4031
50;Zaragoza;2006;4192
50;Zaragoza;2005;4347
50;Zaragoza;2004;4506
50;Zaragoza;2003;4365
50;Zaragoza;2002;4588
50;Zaragoza;2001;4425
50;Zaragoza;2000;4625
50;Zaragoza;1999;4377
50;Zaragoza;1998;4384
50;Zaragoza;1997;4223
50;Zaragoza;1996;4063
50;Zaragoza;1995;4103
50;Zaragoza;1994;4059
50;Zaragoza;1993;4303
50;Zaragoza;1992;4620
50;Zaragoza;1991;4558
50;Zaragoza;1990;4559
50;Zaragoza;1989;4574
50;Zaragoza;1988;4530
50;Zaragoza;1987;4610
50;Zaragoza;1986;4297
50;Zaragoza;1985;4139
50;Zaragoza;1984;4547
50;Zaragoza;1983;4585
50;Zaragoza;1982;4545
50;Zaragoza;1981;4294
50;Zaragoza;1980;4785
50;Zaragoza;1979;5218
50;Zaragoza;1978;5611
50;Zaragoza;1977;5538
50;Zaragoza;1976;5197
50;Zaragoza;1975;6088
51;Ceuta;2021;424
51;Ceuta;2020;253
51;Ceuta;2019;502
51;Ceuta;2018;429
51;Ceuta;2017;445
51;Ceuta;2016;494
51;Ceuta;2015;423
51;Ceuta;2014;394
51;Ceuta;2013;383
51;Ceuta;2012;407
51;Ceuta;2011;445
51;Ceuta;2010;397
51;Ceuta;2009;397
51;Ceuta;2008;366
51;Ceuta;2007;373
51;Ceuta;2006;325
51;Ceuta;2005;361
51;Ceuta;2004;374
51;Ceuta;2003;345
51;Ceuta;2002;330
51;Ceuta;2001;326
51;Ceuta;2000;322
51;Ceuta;1999;296
51;Ceuta;1998;314
51;Ceuta;1997;343
51;Ceuta;1996;351
51;Ceuta;1995;292
51;Ceuta;1994;304
51;Ceuta;1993;307
51;Ceuta;1992;350
51;Ceuta;1991;399
51;Ceuta;1990;386
51;Ceuta;1989;403
51;Ceuta;1988;486
51;Ceuta;1987;532
51;Ceuta;1986;408
51;Ceuta;1985;346
51;Ceuta;1984;380
51;Ceuta;1983;342
51;Ceuta;1982;341
51;Ceuta;1981;370
51;Ceuta;1980;323
51;Ceuta;1979;352
51;Ceuta;1978;379
51;Ceuta;1977;378
51;Ceuta;1976;421
51;Ceuta;1975;413
52;Melilla;2021;301
52;Melilla;2020;157
52;Melilla;2019;306
52;Melilla;2018;313
52;Melilla;2017;362
52;Melilla;2016;395
52;Melilla;2015;288
52;Melilla;2014;319
52;Melilla;2013;311
52;Melilla;2012;381
52;Melilla;2011;323
52;Melilla;2010;444
52;Melilla;2009;409
52;Melilla;2008;470
52;Melilla;2007;525
52;Melilla;2006;399
52;Melilla;2005;323
52;Melilla;2004;407
52;Melilla;2003;447
52;Melilla;2002;402
52;Melilla;2001;435
52;Melilla;2000;546
52;Melilla;1999;546
52;Melilla;1998;451
52;Melilla;1997;427
52;Melilla;1996;404
52;Melilla;1995;401
52;Melilla;1994;413
52;Melilla;1993;430
52;Melilla;1992;420
52;Melilla;1991;395
52;Melilla;1990;370
52;Melilla;1989;401
52;Melilla;1988;303
52;Melilla;1987;422
52;Melilla;1986;428
52;Melilla;1985;373
52;Melilla;1984;333
52;Melilla;1983;353
52;Melilla;1982;370
52;Melilla;1981;339
52;Melilla;1980;308
52;Melilla;1979;318
52;Melilla;1978;322
52;Melilla;1977;300
52;Melilla;1976;312
52;Melilla;1975;269
